사업장명칭,주사육업종,사업장소재지(도로명),사육두수
용산목장,젖소,경상남도 진주시 사봉면 지사로 468,180
동지농장,돼지,경상남도 진주시 진성면 진성로276번길 1-24,2400
태원농장,돼지,경상남도 진주시 수곡면 원창길 306,2800
상대농장,돼지,경상남도 진주시 수곡면 사곡로 545,2000
유곡목장,한우,경상남도 진주시 나불로 176-13,12
대평한우목장,한우,경상남도 진주시 대평면 신풍길 143-8,25
이화농장,돼지,경상남도 진주시 대곡면 월암로 268-15,1200
종합가축,종계/산란계,경상남도 진주시 진주대로 409-7 (가좌동),1000
별지산방농장,종계/산란계,경상남도 진주시 금곡면 송곡길 147,10000
온누리농장,한우,경상남도 진주시 금곡면 정자천로 20,250
상인농원,한우,경상남도 진주시 금곡면 월아산로 537,120
광현농장,돼지,경상남도 진주시 수곡면 곤수로 1526-9,900
대우농장,한우,경상남도 진주시 수곡면 사곡로 572,27
상인담농장,돼지,경상남도 진주시 금곡면 무선산로464번길 102-2,1700
호야축산,한우,경상남도 진주시 금곡면 무선산로 439,60
중촌농장,한우,,190
중촌농장,한우,경상남도 진주시 대곡면 덕곡길 220-12,100
백암축산,한우,경상남도 진주시 진성면 대사길19번길 84-1,16
성화축산,육계,경상남도 진주시 진성면 동부로1391번길 12-11,20000
두원축산,한우,경상남도 진주시 진성면 진성로 414-53,35
옥산농장,돼지,경상남도 진주시 문산읍 문정로 493-27,50
정가한우농장,한우,,250
갈곡농장,한우,경상남도 진주시 문산읍 문산로 767-10,53
갈촌목장,한우,경상남도 진주시 문산읍 문산로 681-11,3
덕성농장,한우,경상남도 진주시 판문로 446 (판문동),35
신왕농장,돼지,경상남도 진주시 금곡면 무선산로 454,1200
우식농장,한우,경상남도 진주시 명석면 진주대로2623번길 5-18,70
외율농장,한우,경상남도 진주시 명석면 진주대로 2563,80
쌍세농장,한우,경상남도 진주시 명석면 진주대로 2477-30,70
가화농장,한우,경상남도 진주시 명석면 신풍길 37,12
덕진목장,젖소,경상남도 진주시 명석면 판문로575번길 29-2,79
대일축산,육계,경상남도 진주시 일반성면 남산길 88-17,60000
행복한양계농장,육계,경상남도 진주시 일반성면 일사로 273,45000
성원,육계,경상남도 진주시 일반성면 남산길 88-37,50000
환주농장,돼지,경상남도 진주시 대곡면 월암로 268-29,1500
선영돼지농장,돼지,,23
정부농장,돼지,,30
선학산 상미농장,육계,경상남도 진주시 선학산길59번길 83 (상대동),700
만연목장,한우,경상남도 진주시 내동면 산유로488번길 9-19,8
황산농장,한우,,16
무동농장,한우,경상남도 진주시 지수면 청담길175번길 34-17,11
천애농장,돼지,경상남도 진주시 지수면 용봉로 791,900
지수농장,한우,경상남도 진주시 지수면 용봉로292번길 100-37,41
해창목장,한우,,30
영일목장,젖소,경상남도 진주시 금산면 송백로 12,55
신벌농장,돼지,경상남도 진주시 지수면 지사로754번길 29-38,4000
형제목장,한우,경상남도 진주시 내동면 산유로488번길 9-6,20
진성목장,젖소,경상남도 진주시 진성면 진의로 131,70
경진목장2,한우,경상남도 진주시 진성면 진의로94번길 43-43,10
동진목장,젖소,경상남도 진주시 진성면 진의로94번길 43-37,110
하촌목장,한우,경상남도 진주시 진성면 진의로 175,38
가진목장(1호),한우,경상남도 진주시 진성면 진의로 430-2,80
월아목장,젖소,경상남도 진주시 진성면 진의로 314,127
백암목장,젖소,경상남도 진주시 진성면 대사길19번길 35,90
수플농장,육계,경상남도 진주시 진성면 대사길19번길 69-63,30000
진성농장,육계,경상남도 진주시 진성면 대사길19번길 69-82,30000
진주목장,젖소,경상남도 진주시 대곡면 마진한실로 319,28
사타골목장,한우,,70
진양농장,한우,경상남도 진주시 진성면 대사길19번길 69-30,40
조양목장,한우,경상남도 진주시 진성면 일사로 589-21,130
한일농장,한우,경상남도 진주시 진성면 일사로 567-20,106
피골목장,한우,경상남도 진주시 진성면 일사로 590-184,50
영남축산,돼지,경상남도 진주시 진성면 대사길19번길 69-49,1700
홍종판목장,한우,경상남도 진주시 일반성면 일사로375번길 28-5,10
현진농장,한우,경상남도 진주시 일반성면 반성로 66-30,40
매화농장,한우,,4
원호농장,한우,경상남도 진주시 일반성면 남산길 25,30
임마누엘농장,종계/산란계,경상남도 진주시 일반성면 반성로127번길 23-1,12000
벧엘축산,한우,경상남도 진주시 일반성면 반성로127번길 72,14
삼솔농장,한우,경상남도 진주시 이반성면 장안로65번길 92-20,120
민희영농조합법인,종계/산란계,경상남도 진주시 이반성면 반성로 163-60,200000
늘봄축산,돼지,경상남도 진주시 이반성면 오봉산로1018번길 1-43,1500
혜진목장,한우,,17
서덕순축산,한우,경상남도 진주시 이반성면 길성길 25,5
성현농장,한우,경상남도 진주시 이반성면 장안로 95-12,24
손재선농장,한우,경상남도 진주시 이반성면 진마대로2520번길 77-14,14
정은농장,한우,경상남도 진주시 이반성면 오봉산로880번길 12,75
오봉산농장,한우,경상남도 진주시 이반성면 오봉산로 1062-73,120
수익농장2,한우,경상남도 진주시 이반성면 길성길 138,26
영봉농장,한우,경상남도 진주시 이반성면 하곡로 145,60
천금목장,젖소,경상남도 진주시 사봉면 동부로1602번길 81-26,35
사봉목장,젖소,경상남도 진주시 사봉면 동부로1751번길 39,30
민들레목장,젖소,경상남도 진주시 사봉면 부계길 61-19,40
쌍순농장,한우,경상남도 진주시 사봉면 금평로 133-71,3
우리목장,젖소,경상남도 진주시 사봉면 지사로349번길 22-16,55
농심목장,젖소,경상남도 진주시 사봉면 지사로349번길 28,55
남양목장,젖소,경상남도 진주시 사봉면 지사로349번길 22-25,50
못골목장,한우,경상남도 진주시 사봉면 금평로 100-14,17
들판목장,한우,경상남도 진주시 사봉면 동부로 1744-23,25
사봉목장,한우,경상남도 진주시 사봉면 동부로 1919-21,23
혈암농장,젖소,경상남도 진주시 집현면 진산로 1110-24,40
우림농장,한우,경상남도 진주시 집현면 진산로 571-18,45
김윤근농장,돼지,경상남도 진주시 미천면 향양로 663-18,135
삼산목장,젖소,,120
동화농장,돼지,경상남도 진주시 수곡면 옥수로637번길 67,1300
자매목장,젖소,,50
등건목장,한우,,32
경오목장,젖소,경상남도 진주시 이반성면 길성길 12,42
옛골농원,한우,경상남도 진주시 정촌면 진주대로 94-10,54
한우리농장,한우,경상남도 진주시 대곡면 대화로105번길 64,61
동원축산,한우,경상남도 진주시 대곡면 진의로 668-10,60
코리아농장,한우,경상남도 진주시 대곡면 진의로 733-75,55
경현목장,한우,경상남도 진주시 대곡면 월암로 301-23,210
OK목장,한우,경상남도 진주시 대곡면 진의로 664,11
설매농장,돼지,경상남도 진주시 대곡면 월암로 233-10,3800
상촌목장,젖소,경상남도 진주시 대곡면 월암로 178-18,50
광석목장,젖소,경상남도 진주시 대곡면 진의로 1180-23,63
대룡농장,돼지,경상남도 진주시 대곡면 신흥길1번길 2-113,500
진주오리농장,오리,경상남도 진주시 대곡면 널방재길 284,1500
동관농장,한우,경상남도 진주시 명석면 진주대로 2597-24,48
경성목장,한우,경상남도 진주시 명석면 광제산로864번길 16,40
안성농장,한우,경상남도 진주시 명석면 판문로 450,20
팔미농장,한우,경상남도 진주시 명석면 진주대로 2367-31,20
송정목장,젖소,경상남도 진주시 문산읍 문산로 609-14,33
진주축협생축사업장,한우,경상남도 진주시 정촌면 정촌로 752,130
성전농장,한우,경상남도 진주시 일반성면 반성로 102,89
제일농장,한우,경상남도 진주시 일반성면 반성로38번길 9-7,11
도동농장,한우,경상남도 진주시 일반성면 반성로 50,18
황송농장,한우,경상남도 진주시 일반성면 반성로38번길 27,30
남산농장,한우,경상남도 진주시 일반성면 남산길 32-93,909
답천농장,한우,경상남도 진주시 일반성면 떡보길110번길 5,69
오성농장,돼지,경상남도 진주시 미천면 안간길75번길 35,520
행복농장,돼지,경상남도 진주시 미천면 향양로370번길 19-14,990
우리목장,한우,경상남도 진주시 미천면 진산로 1843,15
동화농장2호점,돼지,경상남도 진주시 미천면 어옥로 37,3500
외율농장,한우,,20
오봉농장,돼지,경상남도 진주시 명석면 대평로 319-5,2000
도도야팜스 한들농장,돼지,경상남도 진주시 명석면 대평로 319-7,1800
영덕농장,한우,경상남도 진주시 미천면 진산로 1837-1,18
푸른농장,돼지,경상남도 진주시 이반성면 오봉산로880번길 94,900
경상국립대학교 농업생명과학대학 부속동물사육장,젖소,경상남도 진주시 금산면 월아산로 1811,124
해맑음 축산,돼지,경상남도 진주시 미천면 오방로1088번길 18-47,650
영오목장,한우,경상남도 진주시 대곡면 오방로 120-42,160
대뫼목장,젖소,경상남도 진주시 대곡면 대화로 145-8,93
시장목장,한우,경상남도 진주시 정촌면 정촌로 417-78,75
토실목장,젖소,경상남도 진주시 일반성면 운천길160번길 16-8,55
김진수농장,한우,,5
허준농장,돼지,경상남도 진주시 대곡면 유곡로 230,1500
남산농장,한우,,3
대곡농장,한우,경상남도 진주시 대곡면 진의로 733-49,20
갈우농장,한우,,190
외율한우농장,한우,경상남도 진주시 명석면 진주대로 2597-23,16
장춘축산,한우,경상남도 진주시 금곡면 죽곡길118번길 113-6,100
개암농장,한우,경상남도 진주시 일반성면 반성로 8,80
과산목장,한우,경상남도 진주시 집현면 신당길207번길 23,50
신토농장,육우,경상남도 진주시 일반성면 일사로 198-23,13
광희축사,한우,경상남도 진주시 명석면 진주대로2521번길 22,15
엄정농원,한우,경상남도 진주시 금곡면 검암길 87-9,25
태영축산,한우,경상남도 진주시 사봉면 사군로 404-65,89
민국목장,한우,경상남도 진주시 사봉면 금평로 100-38,40
옥천축산,한우,경상남도 진주시 미천면 어옥로 150-9,22
무궁화축산,한우,경상남도 진주시 이반성면 오봉산로 836-13,249
초원정축산,한우,경상남도 진주시 이반성면 오봉산로 858-27,36
벌당농장,한우,경상남도 진주시 미천면 오방로 318-40,55
새밭골축산,한우,경상남도 진주시 이반성면 하곡로260번길 13,11
하촌목장,한우,,9
용규축산,한우,경상남도 진주시 사봉면 동부로 1919-75,45
죽산농장,한우,경상남도 진주시 금곡면 죽곡길 141,9
마굿간,한우,경상남도 진주시 진성면 진의로62번길 14,9
매실농장,한우,경상남도 진주시 이반성면 오봉산로 752,29
칠성목장,한우,경상남도 진주시 이반성면 진마대로2498번길 75-15,8
칠성농장,한우,,20
대겸농장,한우,경상남도 진주시 문산읍 갈곡길 45,11
월암축산,한우,,17
용수축산,한우,,13
청원축산,한우,경상남도 진주시 지수면 청원길 170,20
수성농장,한우,,13
우성농장,한우,경상남도 진주시 문산읍 문산로 874-35,86
교동축산,한우,경상남도 진주시 사봉면 동부로1903번길 14-5,16
천일목장,한우,경상남도 진주시 일반성면 떡보길20번길 65,24
박승구농장,한우,경상남도 진주시 내동면 산유로456번길 44-12,7
버드실농장,한우,,30
영희목장,한우,,9
필영사농장,한우,경상남도 진주시 미천면 향양로365번길 15-14,19
평동축산,한우,,14
중촌축산,한우,,17
한우농장,한우,경상남도 진주시 이반성면 오봉산로879번길 15-18,70
광석농장,한우,경상남도 진주시 대곡면 진의로 1149-42,13
대곡농장,한우,,0
상남농장,한우,경상남도 진주시 일반성면 수목원로 60,25
임곡선미농장,한우,경상남도 진주시 미천면 안간길70번길 8,17
내인농장,한우,경상남도 진주시 미천면 진산로 1849-2,3
만복농장,한우,경상남도 진주시 일반성면 창촌길45번길 67,28
현장농장,한우,경상남도 진주시 미천면 향양로365번길 15-6,4
진기농장,한우,경상남도 진주시 일반성면 떡보길 59,21
봉형농장,한우,경상남도 진주시 일반성면 운천길202번길 86,4
명선농장,한우,경상남도 진주시 문산읍 이곡길 74-17,0
송죽농장,한우,경상남도 진주시 이반성면 오봉산로1025번길 74,70
어옥농장,한우,경상남도 진주시 미천면 어옥로 179-2,8
미곡농장,한우,,7
수야농장,한우,,7
우미농장,한우,경상남도 진주시 일반성면 반성로 18,36
가나골 농장,한우,,20
성완농장,한우,경상남도 진주시 일반성면 일사로 414-2,33
종욱농장,한우,경상남도 진주시 일반성면 일사로 316,12
송정목장,한우,경상남도 진주시 문산읍 문산로 587-16,120
광석참한우,한우,,45
임마누엘농장,한우,경상남도 진주시 정촌면 무선산로 122,9
사곡농장,한우,경상남도 진주시 사봉면 사군로103번길 34,16
효선농장,한우,경상남도 진주시 문산읍 갈곡길 143-21,35
상미농장,한우,,40
제이제이농장,한우,경상남도 진주시 일반성면 남산길 1,23
신기농장,한우,,3
금강농장,한우,,21
대동축사,한우,경상남도 진주시 이반성면 대천길152번길 9,5
도장농장,한우,경상남도 진주시 일반성면 떡보길110번길 26-9,12
두식농장,한우,경상남도 진주시 일반성면 공치고개길 29,12
황기우축사,한우,경상남도 진주시 일반성면 수목원로277번길 13,11
영춘농장,한우,경상남도 진주시 이반성면 대천길 141-12,12
길성농장,한우,경상남도 진주시 이반성면 길성길 143,5
정만축사,한우,경상남도 진주시 이반성면 길성길 63,8
상문농장,한우,경상남도 진주시 문산읍 동부로839번길 25-27,17
제이농장,한우,경상남도 진주시 금곡면 금곡로 36,18
병원농장,한우,경상남도 진주시 금곡면 무선산로464번길 42-33,2
온수농장,한우,경상남도 진주시 진성면 일사로693번길 49,44
배밭골농장,한우,경상남도 진주시 진성면 진의로94번길 43-60,50
유동농장,한우,경상남도 진주시 내동면 내축로467번길 33,6
유곡한우농장,한우,경상남도 진주시 대곡면 남강로 2366-42,5
창진농장,한우,경상남도 진주시 이반성면 용암길46번길 43,41
정촌농장,한우,경상남도 진주시 정촌면 화개길318번길 28,37
농업회사법인(주) 태원2농장,돼지,경상남도 진주시 수곡면 옥수로471번길 107,7500
경남로하스,종계/산란계,경상남도 진주시 수곡면 대각길 104-16,700
일송,한우,,40
금포농장,종계/산란계,"경상남도 진주시 지수면 금평로 244-71, 금평로 244-63",199320
시온농장,한우,,13
호용농장,한우,,8
다무농장,한우,경상남도 진주시 사봉면 동부로 1919-27,25
가선농장,돼지,,1714
개암농장,한우,,60
연우농장,한우,경상남도 진주시 사봉면 지사로 152,8
정중농장,한우,경상남도 진주시 이반성면 진마대로2498번길 2-41,15
한빛농장,오리,,20000
진주농장,오리,,23000
행복한한우농장,한우,경상남도 진주시 일반성면 일사로 269,18
평동농장,한우,경상남도 진주시 이반성면 진마대로2520번길 8,18
청호농장,한우,경상남도 진주시 일반성면 일사로 315-41,50
주약농장,한우,,6
비사벌농장,돼지,경상남도 진주시 수곡면 시묘산길117번길 24,500
광제농원,한우,경상남도 진주시 명석면 광제산로 779-45,4
구태맑은농장,오리,,22500
약골축산,한우,,4
구태제일농장,오리,경상남도 진주시 수곡면 시묘산길 200-46,16000
용완농축원,한우,,12
부계농장,육계,경상남도 진주시 사봉면 사군로 677-60,60000
대흥농원,육계,경상남도 진주시 진성면 동부로1548번길 60-12,700
대진농장,한우,경상남도 진주시 대곡면 유곡로 270,3
대동농장,한우,경상남도 진주시 이반성면 대천길 155-5,5
등건농장,한우,경상남도 진주시 사봉면 지사로241번길 13,17
병열농장,한우,,5
그린농장,한우,경상남도 진주시 진성면 일사로487번길 15-32,0
성봉농장,한우,경상남도 진주시 진성면 온수길 100,17
채영축산,한우,경상남도 진주시 일반성면 남산길 32-83,50
대성축산,한우,경상남도 진주시 이반성면 부평길 186-27,80
시구농장,한우,,22
한광수농장,한우,경상남도 진주시 금곡면 무선산로464번길 42-2,0
정원목장,한우,경상남도 진주시 내동면 신율길 30-134,12
성완농장2,한우,경상남도 진주시 진성면 대사길19번길 69-64,61
수목원농장,한우,경상남도 진주시 일반성면 수목원로47번길 442,17
원당농장,한우,,14
수목원농장2,한우,경상남도 진주시 일반성면 수목원로277번길 4-30,0
정섭농장,한우,경상남도 진주시 명석면 남성로 30-15,28
대연농산,육계,경상남도 진주시 대신로 476-19 (초전동),400
진주자연유정란,종계/산란계,경상남도 진주시 진성면 온수길 92-12,1000
약골농장,한우,경상남도 진주시 주약약골길 72 (주약동),12
재원농장,한우,경상남도 진주시 주약약골길 63 (주약동),8
우리목장,한우,경상남도 진주시 일반성면 남산길 49,19
와룡농장,한우,경상남도 진주시 대곡면 대화로105번길 95-24,14
성호농장,한우,경상남도 진주시 대곡면 유곡로183번길 16,4
승우농장,한우,경상남도 진주시 이반성면 반성로 66-17,62
금당골 농장,한우,경상남도 진주시 금산면 월아산로 1296-155,186
숲등농장,한우,경상남도 진주시 대곡면 대화로105번길 64-9,12
효원목장,한우,경상남도 진주시 진성면 일사로 589-22,0
가진농장,한우,경상남도 진주시 진성면 진의로 142-29,63
장수 흑염소,산양,경상남도 진주시 진성면 온수길 103-6,95
용봉 사슴농장,사슴,경상남도 진주시 지수면 용봉로292번길 135,10
월아산 방목장,산양,,126
대성2농장,한우,,10
송정농장,한우,경상남도 진주시 지수면 지사로754번길 27-46,10
소망농장,한우,,11
영림농장,한우,경상남도 진주시 이반성면 길성길 77-7,15
형제농장,한우,,8
해은목장,한우,,11
주영농원,한우,경상남도 진주시 진성면 진성로 158-116,50
부경농원,산양,경상남도 진주시 진성면 진성로 158-108,150
우일농장,산양,,10
토현농장,산양,,30
대봉사슴농장,사슴,,100
소정농장,한우,,10
언호농장,한우,,17
재문농장,한우,경상남도 진주시 진성면 대사길 30-16,4
판수농장,한우,경상남도 진주시 진성면 일사로 662,2
두훈농장,한우,경상남도 진주시 진성면 일사로 668,5
덕석농장,한우,경상남도 진주시 진성면 천곡길 27,3
석이농장,한우,경상남도 진주시 진성면 대사길 63-2,10
문석농장,한우,경상남도 진주시 진성면 대사길 29-14,8
허브로운목장,한우,경상남도 진주시 진성면 일사로487번길 15-12,10
병운농장,한우,경상남도 진주시 진성면 동부로1391번길 26,5
오리골농장,한우,경상남도 진주시 이반성면 대천길70번길 14,13
저운농장,한우,경상남도 진주시 이반성면 오봉산로761번길 95,10
남종농장,한우,경상남도 진주시 지수면 청담길16번길 2-10,3
성철농장,한우,경상남도 진주시 지수면 청담길38번길 28,3
희섭농장,한우,,5
찬수농장,한우,경상남도 진주시 지수면 청담길38번길 33-1,4
점태농장,한우,경상남도 진주시 지수면 지수로642번길 24-3,2
호근농장,한우,경상남도 진주시 지수면 청담길175번길 34-8,10
진기농장,한우,경상남도 진주시 지수면 청담길 195-13,2
승조농장,한우,경상남도 진주시 지수면 청담길 195-9,0
지수사슴농장,사슴,경상남도 진주시 지수면 금평로 346,25
고영찬농장,한우,경상남도 진주시 이반성면 대천길149번길 14-2,9
수성농장,한우,,3
그린농장,한우,경상남도 진주시 이반성면 오봉산로 455,30
용찬농장,한우,경상남도 진주시 지수면 금평로309번길 23-6,9
해동농장,한우,경상남도 진주시 지수면 금평로 262-5,2
명옥농장,한우,,4
대명농장,사슴,경상남도 진주시 지수면 지수로 276,89
길한농장,한우,경상남도 진주시 지수면 청원길 109-1,1
문환농장,한우,경상남도 진주시 지수면 청원길57번길 36,8
대성농장,산양,경상남도 진주시 지수면 지수로 349-10,100
성찬농장,한우,경상남도 진주시 지수면 승산길 12,3
황소골농장,한우,경상남도 진주시 지수면 지수로450번길 30-31,6
덕하농장,한우,경상남도 진주시 지수면 승산길 16,3
성용농장,한우,경상남도 진주시 지수면 지수로 424-9,11
수현농장,한우,,9
용준농장,한우,경상남도 진주시 주약약골길 22-3 (주약동),2
혜창농원가든,산양,경상남도 진주시 대곡면 덕곡길152번길 27-14,44
석도농장,한우,경상남도 진주시 대곡면 대화로105번길 101-9,6
창근농장,한우,경상남도 진주시 대곡면 진의로 1382-53,10
동진농장,한우,경상남도 진주시 대곡면 진의로964번길 15-15,1
석금농장,육계,경상남도 진주시 대곡면 소실길 166-1,60
갑성농장,한우,경상남도 진주시 대곡면 진의로 1190-15,2
판수농장,사슴,경상남도 진주시 대곡면 진의로 1193-31,13
기철농장,한우,경상남도 진주시 대곡면 월암로456번길 66-13,1
춘택농장,한우,경상남도 진주시 대곡면 월암로 476-6,2
판용농장,한우,경상남도 진주시 대곡면 월암로300번길 24,2
효식농장,한우,경상남도 진주시 대곡면 유곡로 59-6,1
냉정농장,한우,경상남도 진주시 집현면 냉정길276번길 70,2
혈암농장,한우,,12
미소엔에그,종계/산란계,경상남도 진주시 하촌로 251 (하촌동),500
달골농장,한우,경상남도 진주시 일반성면 동부로 1919-92,30
박청우농장,한우,경상남도 진주시 사봉면 부계길 114-9,1
이상수농장,한우,,5
정호욱농장,한우,경상남도 진주시 사봉면 우곡길 44,4
김수진농장,한우,경상남도 진주시 사봉면 창촌길45번길 59-88,26
외동농장,한우,경상남도 진주시 이반성면 발산길11번길 45,7
봉조농장,한우,경상남도 진주시 진성면 온수길 94,2
만준축산,한우,경상남도 진주시 진성면 온수길59번길 22-7,1
오영환농장,한우,경상남도 진주시 진성면 온수길 108,1
수용농장,한우,,8
두곡농장,한우,경상남도 진주시 진성면 일사로487번길 18,6
김덕곤농장,한우,,15
남승희축사,한우,경상남도 진주시 진성면 일사로499번길 29-8,10
민환농장,한우,경상남도 진주시 일반성면 운천길202번길 82,10
가화농장,한우,경상남도 진주시 명석면 신풍길 25,24
경상국립대학교 종합농장,종계/산란계,경상남도 진주시 내동면 내동로139번길 8,2016
온누리 농장,돼지,경상남도 진주시 금곡면 금곡로83번길 55,400
한용녀농장,한우,경상남도 진주시 이반성면 발산길48번길 18,5
박두원농장,한우,경상남도 진주시 이반성면 오봉산로628번길 41,5
진산농원농장,한우,경상남도 진주시 이반성면 가산길 22-4,3
심재주농장,한우,경상남도 진주시 이반성면 오봉산로1018번길 10,4
장우조농장,한우,경상남도 진주시 이반성면 오봉산로949번길 71,1
김봉수농장,한우,경상남도 진주시 이반성면 대천길 141-4,6
고영화농장,한우,경상남도 진주시 이반성면 대천길 150,7
강창환농장,한우,경상남도 진주시 이반성면 대천길 164-8,9
허종열농장,한우,경상남도 진주시 이반성면 진마대로2498번길 75-16,14
김치원농장,한우,경상남도 진주시 이반성면 오봉산로628번길 53,4
개양농장,사슴,경상남도 진주시 문산읍 개양로 263-70,50
기수농장,한우,경상남도 진주시 이반성면 하곡로 67-9,9
정한농장,한우,경상남도 진주시 이반성면 하곡로 90-4,11
정순이농장,산양,,38
차오수농장,한우,경상남도 진주시 금곡면 월아산로 484,6
온누리농장,한우,경상남도 진주시 금곡면 월아산로 204,8
이칠기농장,한우,경상남도 진주시 이반성면 하곡로 163,7
고병옥농장,한우,경상남도 진주시 이반성면 반성로229번길 15,10
김수웅농장,한우,경상남도 진주시 진성면 일사로 648-2,13
정동식농장,한우,경상남도 진주시 정촌면 정촌로279번길 7,2
신용화농장,한우,경상남도 진주시 정촌면 화개길 230,7
김임곤농장,산양,경상남도 진주시 정촌면 정촌로 555-21,6
남송현농장,한우,경상남도 진주시 사봉면 사군로263번길 20,30
서울농장,한우,,11
우진농장,한우,경상남도 진주시 대곡면 덕곡길 140,1
강호진농장,한우,,12
상인농장,한우,경상남도 진주시 이반성면 반성로 163-26,18
정건섭논장,한우,,5
김명주농장,한우,,10
정효갑농장,한우,경상남도 진주시 이반성면 발산길48번길 11,7
이인순농장,한우,경상남도 진주시 명석면 남성로128번길 54,2
허용도농장,한우,경상남도 진주시 명석면 관덕길 47-32,1
최춘분농장,한우,경상남도 진주시 이반성면 진마대로2520번길 76-5,3
홍순봉농장,한우,경상남도 진주시 일반성면 수목원로 47,3
홍경도농장,한우,경상남도 진주시 일반성면 수목원로55번길 7-7,3
손영정농장,한우,경상남도 진주시 일반성면 수목원로47번길 11,5
조봉제농장,한우,경상남도 진주시 일반성면 개암길 66,5
전판섭농장,한우,,7
최동일농장,한우,경상남도 진주시 일반성면 운천길202번길 78-3,4
강재성농장,한우,경상남도 진주시 일반성면 개암길9번길 4-8,15
강정숙농장,한우,경상남도 진주시 일반성면 개암길 51-4,7
이정의농장,한우,경상남도 진주시 사봉면 지사로156번길 28-4,4
이종수농장,한우,경상남도 진주시 수곡면 사곡로719번길 46-36,17
이춘자농장,산양,,17
장재농장,산양,,13
제빈농장,한우,경상남도 진주시 주약약골길75번길 31 (주약동),5
박주용농장,한우,경상남도 진주시 서장대로61번길 18 (판문동),13
심신농장,한우,,21
정동효농장,한우,경상남도 진주시 이반성면 발산길48번길 4,2
금당골농장,한우,경상남도 진주시 금산면 월아산로 1296-100,83
농업회사법인 경남흑염소(주),산양,,10
황형찬농장,한우,경상남도 진주시 명석면 진주대로 2624-4,6
인담농장,돼지,경상남도 진주시 금곡면 무선산로 466-9,1550
수리농장,한우,경상남도 진주시 일반성면 일사로 198-35,85
강현규농장,한우,,30
송효현농장,한우,경상남도 진주시 금곡면 구암두문로986번길 40-4,8
전종배농장,돼지,경상남도 진주시 명석면 판문로495번길 1-3,30
김정옥농장,산양,,80
남덕현농장,한우,경상남도 진주시 이반성면 오봉산로761번길 83-30,4
갑순농장,산양,경상남도 진주시 지수면 지사로 831-100,21
임종자농장,한우,,2
제일농장,한우,경상남도 진주시 이반성면 반성로229번길 34-3,10
호성농장,한우,경상남도 진주시 이반성면 길성길 61,5
송점임농장,한우,경상남도 진주시 이반성면 길성길 63,7
오방농장,한우,경상남도 진주시 미천면 어옥로 18-10,2
바우농장,산양,경상남도 진주시 집현면 향양로239번길 120,80
한덕농장,한우,경상남도 진주시 금곡면 월아산로480번길 25-5,5
한우사육장,한우,경상남도 진주시 금곡면 구암두문로 925-13,20
범용사슴농장,사슴,경상남도 진주시 대곡면 진의로 668-6,8
병오농장,한우,,9
밤실농장,산양,,39
재익농장,한우,경상남도 진주시 진성면 일사로 567-58,16
토마토농장,한우,경상남도 진주시 내동면 산유로488번길 32,3
상철농장,한우,경상남도 진주시 사봉면 사군로231번길 3,2
대선농장,한우,경상남도 진주시 사봉면 모곡길 91-6,3
"소, 염소 축사",산양,경상남도 진주시 미천면 상미로 479-1,17
준길농장,한우,경상남도 진주시 미천면 상미로 61,2
허두옥농장,한우,,2
제2가선농장,돼지,경상남도 진주시 일반성면 반성로127번길 79,700
혜원농장,육계,경상남도 진주시 사봉면 사군로 677-70,37000
영광농원,종계/산란계,,100
두준농원송암농장,산양,,50
태만농장,한우,경상남도 진주시 금곡면 죽곡길105번길 17-4,2
정아농장,한우,경상남도 진주시 주약약골길 24 (주약동),2
명수농장,한우,경상남도 진주시 명석면 가화로626번길 66,2
풀빛사슴농장,사슴,경상남도 진주시 문산읍 이곡길 55,3
호인농장,한우,경상남도 진주시 대곡면 대화로105번길 86-14,8
규삼농장,한우,경상남도 진주시 문산읍 갈곡길16번길 12,4
들풀농원,산양,,30
서촌농장,한우,경상남도 진주시 이반성면 하곡로 83,4
자문농장,한우,경상남도 진주시 문산읍 문산로 718,15
계택농장,한우,경상남도 진주시 일반성면 창촌길79번길 15,1
경진농장,한우,경상남도 진주시 일반성면 수목원로277번길 40,1
명환농장,한우,경상남도 진주시 일반성면 운천길151번길 20-1,7
명상농장,한우,경상남도 진주시 일반성면 일사로 400-4,10
병대농장,한우,경상남도 진주시 금산면 달음산로53번길 36-1,2
배산골농원,산양,경상남도 진주시 이반성면 하곡로 150-75,50
토현농장,산양,,100
남식농장,한우,경상남도 진주시 진성면 동산길52번길 10-3,10
달골농장,산양,경상남도 진주시 사봉면 산업단지로 95-44,16
사봉염소농장,산양,경상남도 진주시 사봉면 사군로791번길 123-69,200
임양수농장,한우,경상남도 진주시 미천면 어옥로 187,6
임부길농장,한우,경상남도 진주시 미천면 어옥로 177-3,1
하연농장,산양,,30
경단흑염소,염소,,15
정성대농장,염소,,34
진주염소,염소,,50
외율농장,사슴,경상남도 진주시 명석면 성철로 389-17,21
수성농장,한우,경상남도 진주시 이반성면 진마대로2520번길 108-4,4
우리목장,산양,경상남도 진주시 진성면 진성로 350-105,4
부일농장,산양,,30
털보농장,산양,,4
부자농장,한우,경상남도 진주시 미천면 상미로 253-25,20
우심농장,한우,경상남도 진주시 내동면 내축로 407,4
신화농장,산양,,121
종태농장,한우,경상남도 진주시 일반성면 남산길 119,3
흑염소 농장,산양,,250
영봉산흑염소농장,산양,경상남도 진주시 이반성면 오봉산로880번길 152,29
병구농장,한우,경상남도 진주시 일반성면 반성로127번길 170-8,6
외율농장,한우,경상남도 진주시 명석면 진주대로 2627-1,3
친우농장,산양,,15
버드실농장,한우,경상남도 진주시 대곡면 대화로 53-60,13
온수골농장,산양,,15
산들에 흑염소,산양,,80
장춘축산(2호),한우,경상남도 진주시 금곡면 죽곡길118번길 137-8,100
부돌농장,산양,,12
온땅농장,종계/산란계,,180
온땅유정란,종계/산란계,경상남도 진주시 수곡면 사곡로 153-73,0
월성농장,한우,경상남도 진주시 사봉면 동부로1803번길 18-3,6
미연농장,한우,경상남도 진주시 진성면 온수길 94,2
해광농장,산양,,40
울타리농장,한우,경상남도 진주시 이반성면 하곡로 149-5,16
월아농장,염소,,20
산심농장,사슴,경상남도 진주시 수곡면 시묘산길 200-61,7
염소농장,산양,,12
신토농장2,한우,경상남도 진주시 진성면 대사길19번길 69-62,100
병효농장,한우,경상남도 진주시 이반성면 발산길48번길 6,5
주은농장,종계/산란계,경상남도 진주시 일반성면 반성로127번길 19,78000
H축산,한우,경상남도 진주시 진성면 대사길16번길 24,30
부자농장,염소,,1
대박농장,염소,,2
세화농장,염소,경상남도 진주시 집현면 진산로1391번길 146-52,50
제이농장2,한우,경상남도 진주시 금곡면 금곡로 53-11,70
유린축산,육계,,39000
서덕순축산2,한우,,13
형제축산,한우,경상남도 진주시 사봉면 사군로 640-66,100
청우농장,한우,경상남도 진주시 진성면 일사로 590-194,75
무궁화축산2,한우,경상남도 진주시 이반성면 오봉산로 836-27,111
우미소농장,한우,경상남도 진주시 일반성면 일사로 198-17,130
경진목장,한우,경상남도 진주시 진성면 진의로94번길 43-43,8
해맑음축산2,한우,,1
검정골흑염소농장,염소,,20
그린농장,한우,경상남도 진주시 사봉면 사군로791번길 123-73,22
윤규농장,한우,경상남도 진주시 일반성면 수목원로277번길 47,3
다모아농장,한우,경상남도 진주시 사봉면 동부로 1919-27,28
영상목장,한우,경상남도 진주시 사봉면 동부로1602번길 81-11,35
원식농장,한우,경상남도 진주시 진성면 일사로 590-110,30
청야한우농장,한우,경상남도 진주시 대곡면 대화로105번길 95-39,10
시골부부축산(시골농장),한우,경상남도 진주시 일반성면 일사로 315-69,0
박영수농장,한우,경상남도 진주시 진성면 진의로 292,2
대양농장,한우,경상남도 진주시 일반성면 일사로326번길 19,4
진호농장,한우,경상남도 진주시 금곡면 월아산로 489-10,14
우리농장,한우,경상남도 진주시 금곡면 검암길62번길 12-1,4
대산농장,한우,경상남도 진주시 진성면 일사로499번길 12,7
계림농원,종계/산란계,,1100
순태농장,한우,경상남도 진주시 진성면 일사로693번길 43-1,16
말숙농장,한우,경상남도 진주시 일반성면 남산길 32-40,0
동이축산,한우,경상남도 진주시 미천면 향양로370번길 9-357,6
정수농장,한우,경상남도 진주시 이반성면 오봉산로949번길 24,8
준형이네 농장,한우,경상남도 진주시 지수면 청담길 65-21,21
명성농장,한우,경상남도 진주시 진성면 일사로 590-170,30
청수농원,한우,경상남도 진주시 대곡면 마진한실로 345,2
토담사슴농장,사슴,경상남도 진주시 명석면 관덕길 184,1
분지농장,돼지,경상남도 진주시 수곡면 사곡로 552-32,1800
자연농장,염소,경상남도 진주시 문산읍 갈곡길 133-26,67
상남축산2,한우,경상남도 진주시 일반성면 남산길 30,0
오봉농장2,돼지,경상남도 진주시 명석면 대평로 319-31,1560
마성농장,한우,경상남도 진주시 사봉면 지사로349번길 76-32,7
남경축산,한우,경상남도 진주시 지수면 방어산로 34,7
순순농장,한우,,13
한우리 농장2,한우,경상남도 진주시 대곡면 대화로105번길 95-37,30
갈우농장2,한우,,37
개암농장,한우,경상남도 진주시 일반성면 일사로 315-40,16
청호농장,한우,경상남도 진주시 일반성면 일사로 315-46,40
월하농원,한우,경상남도 진주시 미천면 향양로529번길 120,0
두성농장,한우,,15
오색농원,한우,경상남도 진주시 미천면 널방재길 114-2,0
평촌농장,한우,경상남도 진주시 이반성면 오봉산로 1062-57,0
관동농장,한우,경상남도 진주시 일반성면 일사로 315-38,20
삼솔2농장,한우,경상남도 진주시 진성면 일사로 590-108,50
산골농원,염소,,23
삼솔농장,한우,경상남도 진주시 이반성면 장안로65번길 92-17,10
새해축산,한우,경상남도 진주시 미천면 향양로370번길 9-389,6
송림축산,한우,경상남도 진주시 수곡면 덕천로 166-14,7
용산목장,한우,경상남도 진주시 사봉면 지사로 454,100
서한농장,한우,경상남도 진주시 이반성면 오봉산로880번길 11,10
자연 품은 농장,종계/산란계,경상남도 진주시 이반성면 반성로 163-60,4500
진양농장,한우,,0
늘푸른 농장,한우,경상남도 진주시 진성면 일사로487번길 15-32,0
화천목장,한우,,0
우미소2농장,한우,경상남도 진주시 일반성면 일사로 242,0
늘봄농장,한우,경상남도 진주시 일반성면 일사로 315-83,0
제이제이농장2,한우,,0
금곡한우농장,한우,경상남도 진주시 금곡면 정자천로 28,0
월아목장2,젖소,,0
한울농장,한우,경상남도 진주시 금곡면 정자천로 30,0
진성농장,한우,,0
동우농장,한우,,0
강희농장,한우,경상남도 진주시 문산읍 갈곡길 143-23,0
김득호농장,젖소,,0
명선농장,한우,경상남도 진주시 문산읍 이곡길 74-17,0
진주종계장,종계/산란계,경상남도 진주시 미천면 진산로2018번길 80,0
코코농장,한우,경상남도 진주시 사봉면 사군로 640-60,0
대성농장,한우,경상남도 진주시 지수면 지수로 349-10,0
상인농장,한우,경상남도 진주시 이반성면 하곡로 134-23,0
도창골목장,한우,,0
문산농장,육우,경상남도 진주시 문산읍 문산로 946-24,0
아들농장,한우,경상남도 진주시 문산읍 갈곡길 143-19,0
반짝반짝한우,한우,경상남도 진주시 이반성면 길성길 2-92,0
한재농장,한우,경상남도 진주시 이반성면 오봉산로 1062-63,0
영오한우농장,한우,경상남도 진주시 대곡면 오방로 258-83,100
동화농장 1호점,돼지,경상남도 진주시 미천면 어옥로 37,1820
남산한우농장,한우,경상남도 진주시 일반성면 일사로 315-77,54
